"Title","Profile Link","Department","Designation","Qualification","Research Interests","Profile Image"
"M.S. Rajeshwaran","https://pec.ac.in/aero/ms-rajeshwaran","Aerospace Engineering","Assistant Professor","M.Tech. (IIT Kanpur)","Turbomachinery, Gas Turbine Propulsion, Experiments in Fluids","","https://pec.ac.in/sites/default/files/styles/thumbnail/public/departments/faculty_uploads/ms_rajeshwaran.png?itok=3FHmzSEq"
"Tushar Siag","https://pec.ac.in/tushar-siag","Aerospace Engineering Department","Assistant Professor","Master of Technology (M.Tech.)","Experimental Aerodynamics, Flow Turbulence measurement and modeling, Aeroacoustics, Turbo-machine","","https://pec.ac.in/sites/default/files/styles/thumbnail/public/departments/faculty_uploads/Tushar.jpg?itok=arQ_3H9d"
"Dr. Veeranna Yempally","https://pec.ac.in/dr-veeranna-yempally","Applied Sciences","Assistant Professor","Ph.D. Inorganic Chemistry (University of Miami, Coral Gables, USA), Postdoc (University of New Hampshire, Dover, USA.), Postdoc (Texas A&M University at Qatar, Doha, Qatar).","Photochemical and electrochemical carbondioxide reduction, Organometallic catalysis, Novel materials for theronastic application and small molecule activation. Sustainable materials for hydrogen release and storage.","","https://pec.ac.in/sites/default/files/styles/thumbnail/public/departments/faculty_uploads/veeranna%20Photo.jpg?itok=8Vsb0CMP"
"Amandeep Kaur","https://pec.ac.in/cse/amandeep-kaur","Computer Science & Engineering","Assistant Professor","B.Tech, M.Tech, Ph.D (Pursuing)","Digital Image Processing, Machine Learning, Data Analytics","","https://pec.ac.in/sites/default/files/styles/thumbnail/public/departments/faculty_uploads/my_image.jpeg?itok=fQnfFhG1"
"Manish Kumar","https://pec.ac.in/cse/manish-kumar","Computer Science & Engineering","Assistant Professor","B.Tech, M.Tech, Ph.D","Information Retrieval, Web Crawling, Machine Learning","","https://pec.ac.in/sites/default/files/styles/thumbnail/public/departments/faculty_uploads/manish_0.jpg?itok=unvjMlyk"
"Mayank Gupta","https://pec.ac.in/cse/mayank-gupta","Computer Science & Engineering","Assistant Professor","M.Tech","Data Analysis, Machine Learning","","https://pec.ac.in/sites/default/files/styles/thumbnail/public/departments/faculty_uploads/mayank.jpg?itok=KCcC65Qi"
"Ms Sawinder Kaur","https://pec.ac.in/cse/ms-sawinder-kaur","Computer Science & Engineering","Assistant Professor","M.Tech (CSE)","Data Structures and Algorithms, Discrete mathematics","","https://pec.ac.in/sites/default/files/styles/thumbnail/public/departments/faculty_uploads/sawinder_kaur.jpg?itok=jM9wXTh2"
"Prof Gurdit Singh","https://pec.ac.in/cse/prof-gurdit-singh","Computer Science & Engineering","Assistant Professor","M.Tech, Ph.D (Pursuing)","Mobile Sensors, Wireless network, cryptography and cryptanalysis, secure wireless networks","","https://pec.ac.in/sites/default/files/styles/thumbnail/public/departments/faculty_uploads/gurdit_singh.jpg?itok=Not094Dm"
"Rajni Sethi","https://pec.ac.in/cse/faculty/rajni-sethi","Computer Science & Engineering","(Contractual Faculty)","M.Tech, Ph.D (Pursuing)","Image Processing, Underwater Image Enhancement, Soft Computing","","https://pec.ac.in/sites/default/files/styles/thumbnail/public/departments/faculty_uploads/rajni.jpg?itok=hIOWbH_g"
"Rattan Deep Kaur","https://pec.ac.in/cse/faculty/rattan-deep-kaur","Computer Science & Engineering","(Contractual Faculty)","M.E.","Wireless Sensor Networks","","https://pec.ac.in/sites/default/files/styles/thumbnail/public/departments/faculty_uploads/rattan.jpg?itok=9eAdqVEo"
"Sanatan Sukhija","https://pec.ac.in/sanatan-sukhija","Computer Science and Engineering","Assistant Professor","Ph.D","","","https://pec.ac.in/sites/default/files/styles/thumbnail/public/departments/faculty_uploads/Photograph.jpg?itok=O3cnlOdB"
"Sachin Chaudhary","https://pec.ac.in/sachin-chaudhary","CSE","Assistant Professor","","Artificial Intelligence, Computer Vision, Video analysis, Human Action Recognition","","https://pec.ac.in/sites/default/files/styles/thumbnail/public/default_images/profile.jpg?itok=TkKpaNd7"
"Savina Singla","https://pec.ac.in/savina-singla","CSE","Contractual Faculty","Ph.D (Submitted)","Mobile Sensing, Crowdsourcing, Ubiquitous Computing, Cyber Physical Systems.","","https://pec.ac.in/sites/default/files/styles/thumbnail/public/departments/faculty_uploads/savina.jpg?itok=o79iQeoR"
"Rajesh Kumar","https://pec.ac.in/rajesh-kumar","Department of Aerospace Engineering","Assistant Professor","M. Tech (Aero)","CFD","","https://pec.ac.in/sites/default/files/styles/thumbnail/public/departments/faculty_uploads/rajesh_kumar.png?itok=bDrkt6wV"
"Rakesh kumar","https://pec.ac.in/rakesh-kumar","Department of Aerospace Engineering","Professor","M.Tech, Ph.D (Aerospace Engineering, IIT Kanpur)","Flight Mechanics, Aerodynamics, Artificial Neural Networks","","https://pec.ac.in/sites/default/files/styles/thumbnail/public/departments/faculty_uploads/rakesh_aero.jpg?itok=dYinpDeH"
"Anita Khanna","https://pec.ac.in/anita-khanna","Department of Civil Engineering","Associate Professor","M.Tech","Structures","","https://pec.ac.in/sites/default/files/styles/thumbnail/public/departments/faculty_uploads/anita.jpg?itok=fin65DRC"
"Arshdeep Singh","https://pec.ac.in/arshdeep-singh","Department of Civil Engineering","Assistant Professor","B.E, M.E","Concrete Technology","","https://pec.ac.in/sites/default/files/styles/thumbnail/public/departments/faculty_uploads/arshdeep.jpg?itok=pJ-GLwOY"
"Geeta Arora","https://pec.ac.in/geeta-arora","Department of Civil Engineering","Associate professor","Ph.D.","Environmental Engineering","","https://pec.ac.in/sites/default/files/styles/thumbnail/public/departments/faculty_uploads/geeta.jpg?itok=bHdcoal0"
"Har Amrit Singh Sandhu","https://pec.ac.in/har-amrit-singh-sandhu","Department of Civil Engineering","Assistant Professor","Ph.D, M.Tech, B.E","GIS/RS/DIP/Drone/Advanced Surveying etc.","","https://pec.ac.in/sites/default/files/styles/thumbnail/public/departments/faculty_uploads/haramrit.jpg?itok=nu1tI6u-"
"Kamal Kumar","https://pec.ac.in/kamal-kumar","Department of Civil Engineering","Assistant Professor","Ph. D IIT Roorkee","Water Resources Engineering, Stochastic Hydrology,Remote Sensing and GIS","","https://pec.ac.in/sites/default/files/styles/thumbnail/public/departments/faculty_uploads/kamal.jpg?itok=QUiob2j1"
"Mohammad Afaq Alam","https://pec.ac.in/mohammad-afaq-alam","Department of Civil Engineering","Associate Professor","M.Sc Engineering Civil (Hydraulics Structures), Ph.D","Irrigation & Hydraulics Structures Open Channel Flow & Hydraulics, Flow through Porous Media","","https://pec.ac.in/sites/default/files/styles/thumbnail/public/departments/faculty_uploads/mohammad.jpg?itok=bhLZgBmm"
"Mohit Kumar","https://pec.ac.in/mohit-kumar","Department of Civil Engineering","Assistant Professor","M.Tech","Free surface flow, Hydrology","","https://pec.ac.in/sites/default/files/styles/thumbnail/public/departments/faculty_uploads/mohit.jpg?itok=ngsgnZyG"
"Pardeep Kumar Gupta","https://pec.ac.in/pardeep-kumar-gupta","Department of Civil Engineering","Professor","PhD","Pavement Design and Materials, Bridge Design, Soil Mechanics & Foundation Engineering, Flyash, Concrete, Urban Transport","","https://pec.ac.in/sites/default/files/styles/thumbnail/public/departments/faculty_uploads/pardeep.jpg?itok=4OpCe-J_"
"R R Singh","https://pec.ac.in/r-r-singh","Department of Civil Engineering","Professor & Head","Ph.D in Civil Engineering","Civil Engineering specially construction Technology & Management with highways & Structures","","https://pec.ac.in/sites/default/files/styles/thumbnail/public/departments/faculty_uploads/rrsingh.jpg?itok=wxXKIwKQ"
"R.K. Khitoliya","https://pec.ac.in/rk-khitoliya","Department of Civil Engineering","Professor","B.Tech.,M.Tech.,Ph.D.,LLB,LLM, MBA,FIE,MISGE","Geotechnical Investigation & Materials Characterization for river valley & other infrastructure projects. Environmental Impact Assessment & Environmen","","https://pec.ac.in/sites/default/files/styles/thumbnail/public/departments/faculty_uploads/rkkhitoliya.jpg?itok=2605YcvT"
"Roshan Lal","https://pec.ac.in/roshan-lal","Department of Civil Engineering","Professor","B.E (Civil Engg.), M.E (Civil Structures)","Development and Performance Evaluation of Special structural concretes, like SCC, HPFRC etc. Behavior of opening corner joints Soil structure intera","","https://pec.ac.in/sites/default/files/styles/thumbnail/public/departments/faculty_uploads/roshan.jpg?itok=wPwAFPyf"
"S K Singh","https://pec.ac.in/s-k-singh","Department of Civil Engineering","Professor","Ph.D","Geotechnical Engineering (Slope stability, Slope stabilization, pile foundation); Geoenvironment Engineering (Engineered landfills, Ash ponds)","","https://pec.ac.in/sites/default/files/styles/thumbnail/public/departments/faculty_uploads/sksingh.jpg?itok=MBDoG6Y_"
"S.K. Sharma","https://pec.ac.in/sk-sharma","Department of Civil Engineering","Associate Professor","M.E. Environmental Engineering","Water Pollution & Air Pollution","","https://pec.ac.in/sites/default/files/styles/thumbnail/public/departments/faculty_uploads/sksharma.jpg?itok=-iHLgjA2"
"Sarita Singla","https://pec.ac.in/sarita-singla","Department of Civil Engineering","Professor","M.E. (Structures) Civil Engineering","High Performance concrete, Use ofadmixtures in concrete, Analysis and structural design of RCC and Steel structures","","https://pec.ac.in/sites/default/files/styles/thumbnail/public/departments/faculty_uploads/sarita.jpg?itok=HD0P2Aj1"
"Shakti Kumar","https://pec.ac.in/shakti-kumar","Department of Civil Engineering","Professor","Ph.D Civil","EIA Studies, Water Waste Water & Treatment Plant Design, Solid Waste Mangement Studies","","https://pec.ac.in/sites/default/files/styles/thumbnail/public/departments/faculty_uploads/shakti.jpg?itok=KrCy-bzO"
"Siby John","https://pec.ac.in/siby-john","Department of Civil Engineering","Professor","B.Tech., M.Tech., Ph.D.","Environmental Engineering, Water Quality, Industrial Pollution Control, Air pollution, Transport Environment interation, EIA, Climate Change.","","https://pec.ac.in/sites/default/files/styles/thumbnail/public/departments/faculty_uploads/siby.jpg?itok=Y0q1Q7zH"
"Sovina Sood","https://pec.ac.in/sovina-sood","Department of Civil Engineering","Assistant Professor","M.E. Highways","Highways & Material Testing","","https://pec.ac.in/sites/default/files/styles/thumbnail/public/departments/faculty_uploads/sovina.jpg?itok=ZADxreQ3"
"Surender Kumar Verma","https://pec.ac.in/surender-kumar-verma","Department of Civil Engineering","Professor","PhD (IIT, Roorkee)","Wind Engineering, concrete behaviour, Analysis and design of Structures","","https://pec.ac.in/sites/default/files/styles/thumbnail/public/departments/faculty_uploads/skverma.jpg?itok=anIJ85Wq"
"Tripta Kumari Goyal","https://pec.ac.in/tripta-kumari-goyal","Department of Civil Engineering","Professor","Ph.D. (Civil Engineering)","Traffic Engineering, Transport Planning and Highway Engineering","","https://pec.ac.in/sites/default/files/styles/thumbnail/public/departments/faculty_uploads/tripta.jpg?itok=BXSNi4c7"
"Yatindra Kumar","https://pec.ac.in/yatindra-kumar","Department of Civil Engineering","Assistant Professor","M.Tech. IIT Kharagpur","Hydraulics and Water Resources Engineering","","https://pec.ac.in/sites/default/files/styles/thumbnail/public/departments/faculty_uploads/yatindra.jpg?itok=wYq6KZGC"
"Ajay Mittal","https://pec.ac.in/ajay-mittal","Department of Computer Science & Engineering","Assistant Professor (on-Lien)","Ph.D","Algorithms, Image Processing, Computer Vision, and Pattern Recognition","","https://pec.ac.in/sites/default/files/styles/thumbnail/public/departments/faculty_uploads/ajay.jpg?itok=m8fGnvXq"
"Alka Jindal","https://pec.ac.in/alka-jindal","Department of Computer Science & Engineering","Assistant Professor","ME","Image Processing, Security , Database Systems","","https://pec.ac.in/sites/default/files/styles/thumbnail/public/departments/faculty_uploads/alka.jpg?itok=LWWP-EDZ"
"Divya Bansal","https://pec.ac.in/divya-bansal","Department of Computer Science & Engineering","Professor","Ph.D-Information Security","IoT and Mobile Sensors, Information Security, Social Network Analysis","","https://pec.ac.in/sites/default/files/styles/thumbnail/public/departments/faculty_uploads/divya_bansal.jpg?itok=RjsqCmFI"
"Manvjeet Kaur","https://pec.ac.in/manvjeet-kaur","Department of Computer Science & Engineering","Assistant Professor","B.TECH, M.TECH CSE, Pursuing Ph.D.","Biometrics, Biometric Security","","https://pec.ac.in/sites/default/files/styles/thumbnail/public/departments/faculty_uploads/manavjeet.jpg?itok=Zliq-jh5"
"Padmavati","https://pec.ac.in/padmavati","Department of Computer Science & Engineering","Assistant Professor","Ph.D","Wireless sensor networks, Internet of Things","","https://pec.ac.in/sites/default/files/styles/thumbnail/public/departments/faculty_uploads/padmavati.jpg?itok=8vs1ajhM"
"Poonam Saini","https://pec.ac.in/poonam-saini","Department of Computer Science & Engineering","Assistant Professor","Ph.D, M.Tech, B.Tech","Cloud Computing, Distributed Computing and BlockChain Technologies, Machine Learning and Big Data Analytics, Security","","https://pec.ac.in/sites/default/files/styles/thumbnail/public/departments/faculty_uploads/Poonam%20Photo_1.jpg?itok=9eKQ4Jn_"
"Rajesh Kumar Bhatia","https://pec.ac.in/rajesh-kumar-bhatia","Department of Computer Science & Engineering","Professor","BE(CSE), ME(CS), PhD(CSE)","SOFTWARE TESTING, SOFTWARE CLONE DETECTION, SOFTWARE ENGINEERING, SOFTWARE COMPONENT RETRIEVAL, INFORMATION RETRIEVAL","","https://pec.ac.in/sites/default/files/styles/thumbnail/public/departments/faculty_uploads/rajesh.jpg?itok=8GUI1yZF"
"Rupali Verma","https://pec.ac.in/rupali-verma","Department of Computer Science & Engineering","Assistant Professor","PhD(CSE), ME CSE(IT) BTECH (CSE)","Cryptography, Data Analytics, Artificial Intelligence","","https://pec.ac.in/sites/default/files/styles/thumbnail/public/departments/faculty_uploads/rupali_verma.jpg?itok=FEdZdx2w"
"Sandeep Kumar Harit","https://pec.ac.in/sandeep-kumar-harit","Department of Computer Science & Engineering","Assistant Professor","Ph.D","Network Security, Mobile Communication, ITS, Adhoc N/W, Computer Networks","","https://pec.ac.in/sites/default/files/styles/thumbnail/public/departments/faculty_uploads/sandeep_0.jpg?itok=qG4odTRV"
"Sanjeev Sofat","https://pec.ac.in/sanjeev-sofat","Department of Computer Science & Engineering","Professor","Ph.D","Information Security, Computer Vision & Image Processing, Social Media Analytics","","https://pec.ac.in/sites/default/files/styles/thumbnail/public/departments/faculty_uploads/sanjeev_0.jpg?itok=R4y5gsAy"
"Shailendra Singh","https://pec.ac.in/shailendra-singh","Department of Computer Science & Engineering","Professor & Head","Ph.D","Bioinformatics, Artificial Intelligence, Machine Learning, Soft Computing, Speech Technology","","https://pec.ac.in/sites/default/files/styles/thumbnail/public/departments/faculty_uploads/shailendra_singh_pec.png?itok=2mfSXTLg"
"Shilpa","https://pec.ac.in/shilpa","Department of Computer Science & Engineering","Assistant Professor","M.Tech (CSE)","Software Engineering, Multiprotocol label Switching, Software Testing, Database Management Systems","","https://pec.ac.in/sites/default/files/styles/thumbnail/public/departments/faculty_uploads/shilpa.jpg?itok=IhoQA_5P"
"Sudesh Rani","https://pec.ac.in/sudesh-rani","Department of Computer Science & Engineering","Assistant Professor","M.E.","Ad Hoc Networks, Wireless Networks, IoT and related areas","","https://pec.ac.in/sites/default/files/styles/thumbnail/public/departments/faculty_uploads/sudesh.jpg?itok=F2nGAQAV"
"Trilok Chand","https://pec.ac.in/trilok-chand","Department of Computer Science & Engineering","Professor","Ph.D.","Computer Networks, Wireless Sensor Networks, Mobile and Vehicular Adhoc Networks, Computational Intelligence in Networks, IOT and related areas","","https://pec.ac.in/sites/default/files/styles/thumbnail/public/departments/faculty_uploads/trilokchand.jpg?itok=HD-mE-lZ"
"Dr. Tejinder Kumar Jindal","https://pec.ac.in/dr-tejinder-kumar-jindal","Department of Aerospace Engineering","Professor & Head","B.E,M.E, PhD","Renewable Energy, cryogenics, pulse detonation, propulsion","","https://pec.ac.in/sites/default/files/styles/thumbnail/public/departments/faculty_uploads/tkjindal.jpg?itok=vuZ-sJos"
"Asha Goel","https://pec.ac.in/asha-goel","Department of Applied Sciences","Professor","Ph.D.","Topology","","https://pec.ac.in/sites/default/files/styles/thumbnail/public/departments/faculty_uploads/asha.jpg?itok=o7rQf_Zu"
"Ashwani Prashar","https://pec.ac.in/ashwani-prashar","Department of Applied Sciences","Professor","Ph.D.","Nuclear Theory","","https://pec.ac.in/sites/default/files/styles/thumbnail/public/departments/faculty_uploads/ashwani.jpg?itok=bhfWU8OW"
"Dr. Sonu Kumar","https://pec.ac.in/sonu-kumar","Department of Applied Sciences","Assistant Professor","Integrated B.S.-M.S.(IISER-K), Ph.D. (Chemistry) (IISER-K), Humboldt Postdoc Fellow (Martin Luther University Halle-Wittenberg, Germany)","Bio-inspired polymers, Polymer-nanoconjugates, Multifunctional materials for bioapplications","","https://pec.ac.in/sites/default/files/styles/thumbnail/public/departments/faculty_uploads/20170629_112019.jpg?itok=SPmLK0Sq"
"Harminder Kaur","https://pec.ac.in/harminder-kaur","Department of Applied Sciences","Professor","M.Sc.M.Phil. Ph.D. (Chemistry) Guru Nanak Dev University, Amritser","Organotin Chemistry/Environmental Chemistry/Potentiometric Studies/NAno materials","","https://pec.ac.in/sites/default/files/styles/thumbnail/public/departments/faculty_uploads/harminder.jpg?itok=WmqBRBtu"
"L. N. Sharma","https://pec.ac.in/l-n-sharma","Department of Applied Sciences","Professor","Ph. D","Engineering Geology, Application of Remote sensing and GIS to Geological studies.","","https://pec.ac.in/sites/default/files/styles/thumbnail/public/departments/faculty_uploads/lnsharma.JPG?itok=qXekoHWf"
"Meena Mahajan","https://pec.ac.in/meena-mahajan","Department of Applied Sciences","Assistant Professor","M.Sc. M.Phil. ( Mathematics)","Mathematics","","https://pec.ac.in/sites/default/files/styles/thumbnail/public/departments/faculty_uploads/meena.jpg?itok=CBEM6WpH"
"Nipun Checker","https://pec.ac.in/nipun-checker","Department of Applied Sciences","Assistant Professor","Msc. Mphil (Mathematics)","Mathematics","","https://pec.ac.in/sites/default/files/styles/thumbnail/public/departments/faculty_uploads/nipun.jpg?itok=7Y0Wm3Co"
"Prem Lata","https://pec.ac.in/prem-lata","Department of Applied Sciences","Assistant Professor","M.Sc.,M.Phil.,Ph.D","Analytical chemistry and Environmental Chemistry","","https://pec.ac.in/sites/default/files/styles/thumbnail/public/departments/faculty_uploads/prem.jpg?itok=HOoLh-ZZ"
"Rakesh Kumar","https://pec.ac.in/rakesh-kumar-0","Department of Applied Sciences","Assistant Professor","Ph.D. (City University of New York, USA), Postdoc (ETH Zurich, Switzerland)","Fluoroorganic chemistry, Photoredox and organo-catalysis, Chemistry of arynes and dianions.","","https://pec.ac.in/sites/default/files/styles/thumbnail/public/departments/faculty_uploads/Rakesh%20Picture.jpg?itok=M_ZT_V8E"
"Ranjeet Kaur Sehmi","https://pec.ac.in/ranjeet-kaur-sehmi","Department of Applied Sciences","Professor","PhD","Number Theory","","https://pec.ac.in/sites/default/files/styles/thumbnail/public/departments/faculty_uploads/ranjeet.jpg?itok=d1N0I3sx"
"Sanjeev Kumar","https://pec.ac.in/sanjeev-kumar","Department of Applied Sciences","Professor","M.Sc., Ph.D. (Physics) Kurukshetra University, Kurukshetra","Dilute magnetic semiconductors, nanomagnetism, multiferroics, nanowires","","https://pec.ac.in/sites/default/files/styles/thumbnail/public/departments/faculty_uploads/sanjeev.jpg?itok=AY3hOyvM"
"Shobhna Dhiman","https://pec.ac.in/shobhna-dhiman","Department of Applied Sciences","Associate Professor","M.Sc, MPhil, Ph.D. (Physics), Panjab University, Cahndigarh","Experimental Physics, Solid State Physics, Carban Nanotubes, Fullerenes and doped fullerene","","https://pec.ac.in/sites/default/files/styles/thumbnail/public/departments/faculty_uploads/shobna.jpg?itok=i-o8V96R"
"Sucheta","https://pec.ac.in/sucheta","Department of Applied Sciences","Professor & Head","Ph.D","Algebra, Coding Theory,Computer Graphics","","https://pec.ac.in/sites/default/files/styles/thumbnail/public/departments/faculty_uploads/sucheta.jpg?itok=JKse3_gY"
"Sumati Mahajan","https://pec.ac.in/sumati-mahajan","Department of Applied Sciences","Assistant Professor","M Sc ; M Phil (Mathematics); P G Diploma","","","https://pec.ac.in/sites/default/files/styles/thumbnail/public/departments/faculty_uploads/sumati.jpg?itok=rc4H70Pl"
"Vasundhara Singh","https://pec.ac.in/vasundhara-singh","Department of Applied Sciences","Professor","PhD (Organic Chemistry, Panjab University), Postdoc (Stanford Research Institute, California), DAAD Fellow (University of Regensburg Germany) CNRS Visiting Scientist (University of Rennes, France)","Natural Product Synthesis (Bioactive Heterocycles, sphingolipids), Green Chemistry, Hetrogenous Nano-catalysis( clay & silica ), Photocatalysis( metal oxides), Functional ionic liquids, Solar detoxification of Industrial Waste Water","","https://pec.ac.in/sites/default/files/styles/thumbnail/public/departments/faculty_uploads/citations.jpg?itok=8sqQ_OaT"
"Balwinder Singh Surjan","https://pec.ac.in/balwinder-singh-surjan","Department of Electrical Engineering","Professor","Ph.D. (Engg. & Technology) (P.U.)","Power System Stability","","https://pec.ac.in/sites/default/files/styles/thumbnail/public/departments/faculty_uploads/balwinder.jpg?itok=iAFYG1Dq"
"Dhiraj Bharat","https://pec.ac.in/dhiraj-bharat","Department of Electrical Engineering","Assistant Professor (Study Leave)","M-Tech Power Electronics (IIT Delhi)","Power Conditioning, Brushless Generation","","https://pec.ac.in/sites/default/files/styles/thumbnail/public/departments/faculty_uploads/dhiraj.jpg?itok=4MZd574a"
"Jagdish Kumar","https://pec.ac.in/jagdish-kumar","Department of Electrical Engineering","Professor & Head","BE (Hons), M. Tech. (IITD), Ph. D. (IITR)","Power Electronics and Control Engineering","","https://pec.ac.in/sites/default/files/styles/thumbnail/public/departments/faculty_uploads/jagdish.jpg?itok=xwsia5Rk"
"Jaimala Gambhir","https://pec.ac.in/jaimala-gambhir","Department of Electrical Engineering","Associate Professor","Ph.D. (PEC)","Renewable Energy, Power Electronics, Smart Grid","","https://pec.ac.in/sites/default/files/styles/thumbnail/public/departments/faculty_uploads/jaimala.jpg?itok=Vw3c4IG8"
"Loveleen Kaur","https://pec.ac.in/loveleen-kaur","Department of Electrical Engineering","Assistant Professor","BE, ME (P.U.) & Ph.D. (PEC)","Electrical Power Systems (T&D), Power Electronics Applications","","https://pec.ac.in/sites/default/files/styles/thumbnail/public/departments/faculty_uploads/loveleen.jpg?itok=w2dDa-ZO"
"Puneet Arora","https://pec.ac.in/puneet-arora","Department of Electrical Engineering","Associate Professor","Ph.D. (PEC)","Power System, Machine Design","","https://pec.ac.in/sites/default/files/styles/thumbnail/public/departments/faculty_uploads/puneet.jpg?itok=tnLLuHrB"
"Raminder Kaur","https://pec.ac.in/raminder-kaur","Department of Electrical Engineering","Associate Professor","Ph.D. (PEC)","Power System Planning, Energy Management, Transmission Planning in Restructured Environment, Distributed Generation","","https://pec.ac.in/sites/default/files/styles/thumbnail/public/departments/faculty_uploads/raminder.jpg?itok=pM7F4I9E"
"Rintu Khanna","https://pec.ac.in/rintu-khanna","Department of Electrical Engineering","Professor","PhD (P.U.)","Power System, Renewable Energy, Applications of Artificial Neural Networks & Fuzzy Systems","","https://pec.ac.in/sites/default/files/styles/thumbnail/public/departments/faculty_uploads/rintu.jpg?itok=UizTfOp0"
"Sandeep Kaur","https://pec.ac.in/sandeep-kaur","Department of Electrical Engineering","Assistant Professor","B.E, M.E, PhD (IIT Roorkee)","Power System Planning, Distributed Generation ,Operation & Control, Power System Optimization","","https://pec.ac.in/sites/default/files/styles/thumbnail/public/departments/faculty_uploads/sandeep_kaur_ee.jpg?itok=73CFdRHu"
"Shiv Narayan","https://pec.ac.in/shiv-narayan","Department of Electrical Engineering","Guest Faculty","B.Tech., M.E., Ph D (IIT Kanpur)","Control Engineering and its applications in various disciplines, Applications of Optimization Techniques in Engineering","","https://pec.ac.in/sites/default/files/styles/thumbnail/public/departments/faculty_uploads/shivnarayan.jpg?itok=Pardr6SF"
"Sulata Bhandari","https://pec.ac.in/sulata-bhandari","Department of Electrical Engineering","Associate professor","ME/MTech & Ph.D. (PEC)","Instrumentation Control Engg. & Biomedical Engg.","","https://pec.ac.in/sites/default/files/styles/thumbnail/public/departments/faculty_uploads/sulata.jpg?itok=ggv3_kvS"
"Tarlochan Kaur","https://pec.ac.in/tarlochan-kaur","Department of Electrical Engineering","Professor","B.E(Hons.)Elect. ; M.E (Elect.); Ph.D(Engg. & Tech.)","Power Systems, Renewable Energy Systems, Energy Planning & Management, Power Electronics .","","https://pec.ac.in/sites/default/files/styles/thumbnail/public/departments/faculty_uploads/tarlochan.jpg?itok=cwHHjVRP"
"Tejinder Singh Saggu","https://pec.ac.in/tejinder-singh-saggu","Department of Electrical Engineering","Assistant Professor","Ph.D. (PTU)","Power System, Transmission & Distribution, Switchgear, Renewable Energy, Power Quality","","https://pec.ac.in/sites/default/files/styles/thumbnail/public/departments/faculty_uploads/Photo_Tejinder_1.07%20MB.jpg?itok=U1Jcz2l8"
"Tilak Thakur","https://pec.ac.in/tilak-thakur","Department of Electrical Engineering","Professor","PhD IIT (ISM)","Mechatronics, Energy and Power system, Energy Management & Auditing","","https://pec.ac.in/sites/default/files/styles/thumbnail/public/departments/faculty_uploads/tilak.jpg?itok=trB0IeVL"
"Arun Kumar Singh","https://pec.ac.in/arun-kumar-singh","Department of Electronics & Communication Engineering","Associate Professor","Ph. D. (Nanoelectronics), Manchester (U. K.), M.Tech, B.Tech","•Novel nanoelectronic devices • Nanointerconnects and Nanoantennas for Terahertz applications • THz/IR Plasmonics • Graphene based photodetector • GaN HEMT for MMICs • RF and Microwave antennas","","https://pec.ac.in/sites/default/files/styles/thumbnail/public/departments/faculty_uploads/Arun_kumar_singh.jpg?itok=Hlypelp2"
"Bipan Kaushal","https://pec.ac.in/bipan-kaushal","Department of Electronics & Communication Engineering","Assistant Professor","M.E.","DSP (Bio- Medical signals ), Microelectronics (processing techniques)","","https://pec.ac.in/sites/default/files/styles/thumbnail/public/departments/faculty_uploads/bipan.jpg?itok=3wsMOGNf"
"Deepak Bagai","https://pec.ac.in/deepak-bagai","Department of Electronics & Communication Engineering","Professor","Ph.D","Electronic Waste Management, Communication Systems","","https://pec.ac.in/sites/default/files/styles/thumbnail/public/departments/faculty_uploads/deepak.jpg?itok=k2uSoIEd"
"Divya","https://pec.ac.in/divya-0","Department of Electronics & Communication Engineering","Associate Professor","M.Tech, PhD","Optical Communication,Photonics Systems","","https://pec.ac.in/sites/default/files/styles/thumbnail/public/departments/faculty_uploads/divya_0.jpg?itok=C0n4y9-x"
"Jasbir Kaur","https://pec.ac.in/jasbir-kaur","Department of Electronics & Communication Engineering","Assistant Professor","M.E, PhD","VLSI DESIGN,COMMUNICATION","","https://pec.ac.in/sites/default/files/styles/thumbnail/public/departments/faculty_uploads/jasbir.jpg?itok=qVth5lIa"
"Jyoti Kedia","https://pec.ac.in/jyoti-kedia","Department of Electronics & Communication Engineering","Assistant Professor","M.E, PhD","VLSI Design, Photonic Integrated design","","https://pec.ac.in/sites/default/files/styles/thumbnail/public/departments/faculty_uploads/jyoti.jpg?itok=UHKqJhyq"
"Nagendra Shah","https://pec.ac.in/nagendra-shah","Department of Electronics & Communication Engineering","Associate Professor","M.E., PURSUING Ph.D.","WIRELESS COMMUNICATION, COMPUTER COMMUNICATION AND NETWORKING, VLSI DESIGN.","","https://pec.ac.in/sites/default/files/styles/thumbnail/public/departments/faculty_uploads/nagendra.jpg?itok=yJuc8dkk"
"Neelam Rup Prakash","https://pec.ac.in/neelam-rup-prakash","Department of Electronics & Communication Engineering","Professor","PhD.","Digital Design, Communications, Computer Aided Diagnostics","","https://pec.ac.in/sites/default/files/styles/thumbnail/public/departments/faculty_uploads/neelam.jpg?itok=TFwOiba_"
"Neelu Jain","https://pec.ac.in/neelu-jain","Department of Electronics & Communication Engineering","Professor","PhD","Digital signal processing, Digital Image processing, Enbedded systems","","https://pec.ac.in/sites/default/files/styles/thumbnail/public/departments/faculty_uploads/neelu.jpg?itok=rnNcry_K"
"Neena Gupta","https://pec.ac.in/neena-gupta","Department of Electronics & Communication Engineering","Professor & Head","BE, ME , PhD","Communication Engg, Optical Communication, wireless Communication","","https://pec.ac.in/sites/default/files/styles/thumbnail/public/departments/faculty_uploads/neena.jpg?itok=_e4qEm_6"
"Rita Mahajan","https://pec.ac.in/rita-mahajan","Department of Electronics & Communication Engineering","Assistant Professor","M.E. (Electronics), PhD","Communication,VLSI Design.","","https://pec.ac.in/sites/default/files/styles/thumbnail/public/departments/faculty_uploads/rita.jpg?itok=f-jIj6uc"
"Sukhwinder Singh","https://pec.ac.in/sukhwinder-singh","Department of Electronics & Communication Engineering","Senior Assistant Professor","B.Tech, M.E.,,Ph.D","Machine Vision , Image Processing,Embedded System","","https://pec.ac.in/sites/default/files/styles/thumbnail/public/departments/faculty_uploads/sukhwinder.jpg?itok=JLlBoL4i"
"Anshul Kumar","https://pec.ac.in/ece/anshul-kumar","Department of Electronics & Communication Engineering","Assistant Professor (Contract)","M.E., B.Tech Electronics","Digital image Processing, Optical Communication","","https://pec.ac.in/sites/default/files/styles/thumbnail/public/departments/faculty_uploads/Anshul.JPG?itok=JEg64Ue6"
"Kalpana Lamba","https://pec.ac.in/ece/kalpana-lamba","Department of Electronics & Communication Engineering","Assistant Professor (Contract)","M.Tech, B.E. Electronics","Wireless Sensor Network, Digital Communication","","https://pec.ac.in/sites/default/files/styles/thumbnail/public/departments/faculty_uploads/kalpana_lamba.jpg?itok=Zht6CVGK"
"Achitanand Dubey","https://pec.ac.in/achitanand-dubey","Department of Mechanical Engineering","Assistant Professor","M.Tech (Mechanical & Industrial Engineering) IIT Roorkee (Pursuing Ph.D under QIP in IIT Roookee)","Product Design and Developement , Manufacturing & Quality Engineering.","","https://pec.ac.in/sites/default/files/styles/thumbnail/public/departments/faculty_uploads/achitanand.jpg?itok=w5cF_vb-"
"Alakesh Manna","https://pec.ac.in/alakesh-manna","Department of Mechanical Engineering","Professor","Ph.D","Micro manufacturing, Nanofinishing, Traditional, Non-traditional, Hybrid and Micro Machining, Fabrication of Composite and Ceramics.","","https://pec.ac.in/sites/default/files/styles/thumbnail/public/departments/faculty_uploads/alakesh.jpg?itok=5vFoy-oU"
"D R Prajapati","https://pec.ac.in/d-r-prajapati","Department of Mechanical Engineering","Professor","Ph. D. (PU, Chd.), M. Tech.(IITD), B. E. (APSU, REWA-MP)","Quality Management, Production & Opeartion Management, Industrial Engg. etc.","","https://pec.ac.in/sites/default/files/styles/thumbnail/public/departments/faculty_uploads/drprajapati.jpg?itok=bThWtE-Z"
"Gurjeet Singh","https://pec.ac.in/gurjeet-singh","Department of Mechanical Engineering","Assistant Professor","Ph.D(Thermal Engineering), M.Tech.(Thermal Engineering), B.E. (Mechanical)","• Heat Transfer & Fluid Dynamics • Computational Fluid Dynamics • Energy, Exergy and Exergoeconomics • Thermodynamics","","https://pec.ac.in/sites/default/files/styles/thumbnail/public/departments/faculty_uploads/GURJEET%20SINGH-3.jpg?itok=-j0o5ZT9"
"Kamal Kumar","https://pec.ac.in/kamal-kumar-0","Department of Mechanical Engineering","Assistant Professor","Ph.D.","Advance Manufacturing Processes, EDM, WEDM, Bio-compatible and Biodegradable Metallic Materials","","https://pec.ac.in/sites/default/files/styles/thumbnail/public/departments/faculty_uploads/Kamal%20pic.jpg?itok=P_n6IC20"
"P S Satsangi","https://pec.ac.in/p-s-satsangi","Department of Mechanical Engineering","Professor","Ph.D","Adv. Manufacturing Process, Production and Operations Management, Maintenance Engg.","","https://pec.ac.in/sites/default/files/styles/thumbnail/public/departments/faculty_uploads/pssatsangi.jpg?itok=eZpoFdmD"
"Perminderjit Singh","https://pec.ac.in/perminderjit-singh","Department of Mechanical Engineering","Professor","Ph.D","Environmentally conscious manufacturing , Thermal Engineering","","https://pec.ac.in/sites/default/files/styles/thumbnail/public/departments/faculty_uploads/parminderjit.jpg?itok=hna0I7fm"
"Rajesh Kumar Kanda","https://pec.ac.in/rajesh-kumar-kanda","Department of Mechanical Engineering","Associate Professor","B.E. Mechanical, GOLD MEDAL, P.U. Chandigarh, M.E. Mechanical, GOLD MEDAL, P.U. Chandigarh, Ph.D","Ergonomics, Mechanical Design","","https://pec.ac.in/sites/default/files/styles/thumbnail/public/departments/faculty_uploads/rajesh_kanda.jpg?itok=PmVM9rd2"
"Rakesh Kumar Dang","https://pec.ac.in/rakesh-kumar-dang","Department of Mechanical Engineering","Associate professor","M.Tech.","Thermal Engineering","","https://pec.ac.in/sites/default/files/styles/thumbnail/public/departments/faculty_uploads/rakesh_0.jpg?itok=iTJWwiYb"
"S K Soni","https://pec.ac.in/s-k-soni","Department of Mechanical Engineering","Associate professor","M.Tech.","Solar Energy, Thermal Engineering","","https://pec.ac.in/sites/default/files/styles/thumbnail/public/departments/faculty_uploads/sksoni.jpg?itok=iL4n2Mcm"
"Sandeep Selodkar","https://pec.ac.in/sandeep-selodkar","Department of Mechanical Engineering","Assistant Professor (on lien)","Ph.D.","CAD/CAM, Manufacturing","","https://pec.ac.in/sites/default/files/styles/thumbnail/public/departments/faculty_uploads/sandeep.jpg?itok=P0FcrPN_"
"Sanjay Kumar Mangal","https://pec.ac.in/sanjay-kumar-mangal","Department of Mechanical Engineering","Professor & Head","B.E. Production Engg. (Hons), M.E. (Mech.), Ph.D.","Semi-active Vibration Control, F.E.M. in Engineering","","https://pec.ac.in/sites/default/files/styles/thumbnail/public/departments/faculty_uploads/sanjay.jpg?itok=1EZYUY28"
"Sanjeev Kumar","https://pec.ac.in/sanjeev-kumar-0","Department of Mechanical Engineering","Professor","Ph.D","Advanced Manufacturing, Material Science","","https://pec.ac.in/sites/default/files/styles/thumbnail/public/departments/faculty_uploads/sanjeev_1.jpg?itok=MxjTNPL3"
"Sarabjit Singh","https://pec.ac.in/sarabjit-singh","Department of Mechanical Engineering","Associate Professor","Ph.D.","Conventional and Unconventional processing of Composites, Metal matrix composites, welding technology, Simulation using ansys and abaqus","","https://pec.ac.in/sites/default/files/styles/thumbnail/public/departments/faculty_uploads/IMG_20190516_153729-01.jpeg?itok=NLd04h6v"
"Sushant Samir","https://pec.ac.in/sushant-samir","Department of Mechanical Engineering","Professor","Ph.D, M.E., B.E.","Thermal , I.C Engine and Automobile Engineering","","https://pec.ac.in/sites/default/files/styles/thumbnail/public/departments/faculty_uploads/SSAMIR.jpg?itok=kxIMi8NM"
"Tejbir Kaur","https://pec.ac.in/tejbir-kaur","Department of Mechanical Engineering","Assistant Professor","M.Tech.","Vibration and Control, Automation & Robotics","","https://pec.ac.in/sites/default/files/styles/thumbnail/public/departments/faculty_uploads/tejbir.jpg?itok=8ajvzfsB"
"Dr. J D Sharma","https://pec.ac.in/dr-j-d-sharma","Department of Metallurgical and Materials Engineering","Associate Professor","BE – Metallurgy ME – Industrial Materials & Metallurgy, Ph.D.","Management for Metallurgical Process waste, Transparent Ceramics, Conducting Ceramics and Thin Films, Materials Degradation and Selection, High Strain Rate Materials","","https://pec.ac.in/sites/default/files/styles/thumbnail/public/departments/faculty_uploads/jdsharma.jpg?itok=754D7RRD"
"Dr. Mamta Sharma","https://pec.ac.in/metta/dr-mamta-sharma","Department of Metallurgical and Materials Engineering","Assistant Professor (on contract)","M.Sc. (Physics), M.Tech (Materials Science & Technology), Ph.D.","Physical Metallurgy, Heat Treatment, Materials development","","https://pec.ac.in/sites/default/files/styles/thumbnail/public/departments/faculty_uploads/Untitled_0.jpg?itok=052BdBgm"
"Dr. Rajiv Kumar","https://pec.ac.in/metta/dr-rajiv-kumar","Department of Metallurgical and Materials Engineering","Assistant Professor","B.Tech. (Metallurgical & Materials Engineering-NIT DGP), M.Tech. (Materials Science and Engineering-IITK), Ph.D. (IIT Bombay and Monash University, Australia)","Powder metallurgy, High-temperature oxidation, Corrosion, Synthesis and characterization of bulk nanocrystalline materials,High entropy alloys, Microstructure Characterization, Mechanical behaviour of metals and alloys","","https://pec.ac.in/sites/default/files/styles/thumbnail/public/departments/faculty_uploads/Rajiv.png?itok=81MAP315"
"Dr. Ranvir Singh Panwar","https://pec.ac.in/metta/dr-ranvir-singh-panwar","Department of Metallurgical and Materials Engineering","Assistant Professor (on contract)","M.Tech. (Materials Science & Engg.), Ph.D.","Composite Materials, Tribological Behavior of Materials, Metal Foam Development, Nano Materials","","https://pec.ac.in/sites/default/files/styles/thumbnail/public/departments/faculty_uploads/Untitled.jpg?itok=niNqWRrM"
"Dr. Ravi Kant","https://pec.ac.in/metta/dr-ravi-kant","Department of Metallurgical and Materials Engineering","Assistant Professor (on contract)","Ph.D.","Composite materials, nano materials and wear","","https://pec.ac.in/sites/default/files/styles/thumbnail/public/departments/faculty_uploads/Untitled_1.jpg?itok=qtTTqGY_"
"Dr. Sandan Kumar Sharma","https://pec.ac.in/metta/sandan-kumar-sharma","Department of Metallurgical and Materials Engineering","Assistant Professor (on contract)","B.Tech. (Mechanical Engineering), M.Tech. (Metallurgical & Materials Engineering, IIT Roorkee), Ph.D. (Metallurgical & Materials Engineering, IIT Roorkee), Post Doctorate (University of Ljubljana, Slovenia, Europe)","Processing of Advanced Structural Ceramics, Tribology of Materials, Spark Plasma Sintering, Nano Composite Materials","","https://pec.ac.in/sites/default/files/styles/thumbnail/public/departments/faculty_uploads/Sandan%20Sharma6.jpg?itok=GMFbQBDb"
"Dr. Sumit Bhardwaj","https://pec.ac.in/metta/dr-sumit-bhardwaj","Department of Metallurgical and Materials Engineering","Assistant Professor (on contract)","M.Tech. (Materials & Metallurgical Engg.), Ph.D. (Materials Science & Engineering)","Polymer nanocomposite Materials,Multiferroic materials, Ceramics, Nano Technology","","https://pec.ac.in/sites/default/files/styles/thumbnail/public/departments/faculty_uploads/Sumit.jpg?itok=mgX62lJI"
"Dr. Uma Batra","https://pec.ac.in/metta/dr-uma-batra","Department of Metallurgical and Materials Engineering","Professor & Head","B.E. (Metallurgy), M.Tech. (Metallurgy), PhD (Metallurgy)","Structure-Property Correlation, Austempered Ductie Iron, Failure Analysis, Biomaterials, Ti-Alloy Bio Implants, Lead free Solder Development","","https://pec.ac.in/sites/default/files/styles/thumbnail/public/departments/faculty_uploads/Uma%20photo%202016.jpg?itok=VrV7ltrZ"
"R K Mahajan","https://pec.ac.in/metta/r-k-mahajan","Department of Metallurgical and Materials Engineering","Assistant Professor","M.E. (Industrial Materials & Metallurgy), B.Sc. Engineering (Honors)","Industrial Waste Management and its Judicious/Effective Usage, Foundry, Forging, Heat Treatment, Cast Irons, Failure Analysis/Case Studies, Steel Melting","","https://pec.ac.in/sites/default/files/styles/thumbnail/public/departments/faculty_uploads/touploadRKMahajan.jpg?itok=03tsBNMc"
"Suresh Chand","https://pec.ac.in/metta/suresh-chand","Department of Metallurgical and Materials Engineering","Assistant Professor","B.Tech. (Metallurgical & Materials Engineering-NITD), M.Tech. (Materials Science and Engineering-IITK)","Brazing of metals (e.g: Ti and its alloys), Bulkultrafine nanostructured materials produced by ball milling and severe plastic deformation processes, structure - property relationship of materials, Electron microscopy, Aging and recrystallization of metals, Mechanical behavior of materials, Development of alloys (e.g. Al, Ag. Ti) for brazing applications, Modeling and Simulation of metallurgical processes","","https://pec.ac.in/sites/default/files/styles/thumbnail/public/departments/faculty_uploads/profile%20photo.JPG?itok=gPZ0FINA"
"C S Jawalkar","https://pec.ac.in/c-s-jawalkar","Department of Production & Industrial Engineering","Associate Professor","ME, MBA, Ph.D. (IIT-R)","Advanced Manufacturing and Industrial Management, Machining Technology","","https://pec.ac.in/sites/default/files/styles/thumbnail/public/departments/faculty_uploads/jawalkar.jpg?itok=kPNmc5OC"
"Dina Nath","https://pec.ac.in/dina-nath","Department of Production & Industrial Engineering","Associate Superintendent","BE Mechanical (PEC)","Design of Jig and Fixtures","","https://pec.ac.in/sites/default/files/styles/thumbnail/public/departments/faculty_uploads/dina_nath.jpg?itok=Npsw7OqK"
"Jagjit Singh","https://pec.ac.in/jagjit-singh","Department of Production & Industrial Engineering","Assistant Professor","PhD (PEC University of Tech.)","Human Engineering, Industrial design, Welding engineering","","https://pec.ac.in/sites/default/files/styles/thumbnail/public/departments/faculty_uploads/jagjit.jpg?itok=gmalawSv"
"M. M. Goud","https://pec.ac.in/m-m-goud","Department of Production & Industrial Engineering","Associate professor","Ph. D. (IIT Roorkee)","Non-conventional machining","","https://pec.ac.in/sites/default/files/styles/thumbnail/public/departments/faculty_uploads/Passport.JPG%20%28final%29.jpg?itok=mLpFZa-S"
"N M Suri","https://pec.ac.in/n-m-suri","Department of Production & Industrial Engineering","Professor","Ph.D (IIT D), M.Tech. (IIT R)","Welding Engineering, Casting, Composite Fabrication Al/Mg alloys casting","","https://pec.ac.in/sites/default/files/styles/thumbnail/public/departments/faculty_uploads/nmsuri.jpg?itok=oJJ_azNG"
"Parveen Kalra","https://pec.ac.in/parveen-kalra","Department of Production & Industrial Engineering","Professor","M.Eng., PhD","Human Engineering, Industrial Design, CAD/CAM, Robotics","","https://pec.ac.in/sites/default/files/styles/thumbnail/public/departments/faculty_uploads/parveen.jpg?itok=bf7ouwMp"
"R.O. Vaishya","https://pec.ac.in/ro-vaishya","Department of Production & Industrial Engineering","Assistant Professor","Ph.D, PEC University of Technology","Abrasive Flow Machining, FRP, Hydraulics and Pneumatics","","https://pec.ac.in/sites/default/files/styles/thumbnail/public/departments/faculty_uploads/rahul.jpg?itok=4KFoMof0"
"Rajendra M Belokar","https://pec.ac.in/rajendra-m-belokar","Department of Production & Industrial Engineering","Professor","Ph.D. Engineering and Technology (Panjab University)","Manufacturing System Design, Value Engineering, Production and Operations management, TPM, and TQM","","https://pec.ac.in/sites/default/files/styles/thumbnail/public/departments/faculty_uploads/rajendra.jpg?itok=-yLjd1hA"
"Suman Kant","https://pec.ac.in/suman-kant","Department of Production & Industrial Engineering","Associate Professor","Ph.D (IIT-R)","Quality engineering, Soft computing in Manufacturing, Continuous Casting, Industrial Engineering","","https://pec.ac.in/sites/default/files/styles/thumbnail/public/departments/faculty_uploads/sumankant.jpg?itok=8lby5wjh"
"Amita Kumari","https://pec.ac.in/ee/amita-kumari","Electrical Engineering Department","Assistant Professor","M.Tech","Power system, Micro Grid, Power Electronics","","https://pec.ac.in/sites/default/files/styles/thumbnail/public/departments/faculty_uploads/amita_0.jpg?itok=4gwJU94n"
"Dr. Rabia Kamra","https://pec.ac.in/dr-rabia-kamra","Mathematics","Assistant Professor","Ph.D. (Mathematics) IIT Delhi","Parallel Computing, Numerical Analysis","","https://pec.ac.in/sites/default/files/styles/thumbnail/public/departments/faculty_uploads/upload2.jpg?itok=ckHoD9Uw"
"Ankit Yadav","https://pec.ac.in/ankit-yadav","Mechanical Engineering","Assistant Professor","Ph.D.","Solar Energy, Refrigeration and Air Conditioning, Computational Fluid Dynamics","","https://pec.ac.in/sites/default/files/styles/thumbnail/public/departments/faculty_uploads/ankit.jpg?itok=1DTMCEwm"
"Dr. Kulwinder Kaur","https://pec.ac.in/dr-kulwinder-kaur","Physics","Assistant Professor","Ph.D (Physics) (Panjab University Chandigarh), Post Doctorate (IIT Madras -Chennai)","Density Functional Theory, Thermoelectric materials, Electronic structure calculation, 2D materials,","","https://pec.ac.in/sites/default/files/styles/thumbnail/public/departments/faculty_uploads/75317309_3531207430252557_7759082188020121600_n.jpg?itok=PyS5EX24"
"Dr. Shilpi Chaudhary","https://pec.ac.in/dr-shilpi-chaudhary","Physics","Assistant Professor","M. Tech. (IIT Delhi), PhD (Physics, Lund University, Sweden), Postdoc (IIT Ropar, Punjab)","Hybrid Nanomaterials and Thin Films for Solar Cells Materials, Molecularly Imprinted Polymers based Nanomaterials and Thin films for Bio/Chemo- Sensing Platforms,Surface Engineering for Various Applications, Spectroscopic Investigations of Surfaces and Interfaces, X-ray photoelectron Spectroscopy, Sum-frequency Generation Vibrational Spectroscopy","","https://pec.ac.in/sites/default/files/styles/thumbnail/public/departments/faculty_uploads/Shilpi.jpg?itok=u_S5skiY"
"Ravinderjit Singh Walia","https://pec.ac.in/pie/ravinderjit-singh-walia","Production and Industrial Engineering","Professor & Head","Ph.D. (IIT-R)","Advanced Manufacturing Processes, Production & Industrial Engineering, Human Factor Engineering and FEM","","https://pec.ac.in/sites/default/files/styles/thumbnail/public/departments/faculty_uploads/rswalia.jpg?itok=mT0Av6_8"
